{"": 1.493473217686368, "pizza pal": 2.447619047619048, "mandarina": 0.5087719298245614, "pechuga herv": 1.51, "salchichas": 2.0, "vitina": 0.4074074074074074, "postre chino": 2.2142857142857144, "chocolate": 5.5, "bocad acelga": 0.5, "garra": 4.833333333333333, "pasa uva": 2.9565217391304346, "aji": 0.16666666666666666, "vainilla": 3.1752577319587627, "huevo duro": 1.6333333333333333, "kiwi": 0.6111111111111112, "chichu": 0.6666666666666666, "dulce de leche": 3.2195121951219514, "bolognesa": 1.0, "tomate relleno": 0.36585365853658536, "cremon": 3.573529411764706, "torta rosario": 2.0954545454545452, "mayonesa": 2.509259259259259, "ketchup": 1.1774193548387097, "banana": 0.85785536159601, "pan dulce choco": 4.136363636363637, "aros": 1.5384615384615385, "pan dulce fru": 3.80672268907563, "chotorta mezcla": 2.75, "pizza nap": 2.4318181818181817, "pan casero": 2.5, "licuados": 1.607843137254902, "leche": 0.4, "papa mccain": 1.1, "morron": 0.2994011976047904, "tomate": 0.2003350885591192, "bondiola": 2.647107438016529, "brocoli": 0.34615384615384615, "pan bimbo": 2.5523465703971118, "pure zapallo": 0.75, "pringles": 4.666666666666667, "huevo frito": 1.92, "nesquick": 3.8323353293413174, "carne ceb": 1.1840277777777777, "mejillon": 1.2407407407407407, "pionono pal": 1.5222222222222221, "aros de cebolla": 1.5, "zapallito": 0.1689042875703768, "arroz blanco": 1.3026315789473684, "ciruela pasa": 2.5714285714285716, "chuchi miel": 3.0, "arroz": 1.1771948608137044, "chori fino": 3.3333333333333335, "gall vainill": 4.444444444444445, "papas": 0.8, "cremon light": 2.357142857142857, "queso cremon": 3.59375, "molleja": 2.3295454545454546, "pizza palm": 2.8125, "bocado acelga": 0.8761061946902655, "queso rallado": 4.4, "fideo complet": 2.264705882352941, "sour cream": 3.3333333333333335, "cantimpalo": 4.4875, "manzana": 0.52, "mayonesa light": 1.7142857142857142, "melon": 0.2857142857142857, "queso port sal": 2.2, "salsa golf": 2.43, "rosario": 2.088372093023256, "pan verde": 2.2506753106428956, "waldorf": 1.0916666666666666, "queso raton": 4.258064516129032, "leche conden": 2.8333333333333335, "almendra": 6.5, "crema leche": 3.2816365366317792, "papitas": 0.9382716049382716, "mortadela": 2.576923076923077, "bocad acelg": 0.5, "papa horn": 1.1, "papa nose": 1.89, "mila tita": 2.0, "chichulin": 0.85, "papa": 0.7870769230769231, "licuado": 0.7229219143576826, "casancrem": 1.3, "gall agua": 3.5, "agua": 0.0, "matamuslo her": 1.6988416988416988, "turron arcor": 4.514285714, "empanada tita": 2.34073858042694, "helado": 1.7926829268292683, "miel": 3.0, "casamcrem r": 2.4, "guiso salchi": 1.0, "salsa": 0.2459016393442623, "lenteja": 0.788135593220339, "hamburguesa": 2.0, "casamcream": 1.3, "manteca": 7.514285714285714, "jamon cocido": 1.2727272727272727, "galletita": 4.0, "papa rellena": 0.7727272727272727, "casamcrem rojo": 2.33, "alfajor": 4.035714285714286, "rocklet": 4.88, "picanha": 1.52, "mermelada l": 1.5918367346938775, "carne": 1.4962919756686943, "terrabusi": 4.785714285714286, "fideo": 1.55, "nachos": 4.925925925925926, "naranja": 0.43072857682144206, "kepchup": 1.0, "salchicha": 2.2857142857142856, "tostaditas": 3.0, "pan": 2.5057471264367814, "vacio": 2.0396659707724427, "aros cebolla": 1.5, "pepas": 3.9565217391304346, "casamcrem": 1.2592592592592593, "turron miel": 4.428571428571429, "crema de leche": 3.3255813953488373, "guacamole": 1.3, "panceta": 5.428571428571429, "galletitas": 4.0, "tarta atun broc": 1.0, "berenjena": 0.2548460661345496, "ciruela": 0.5, "pionono hue": 1.7216300940438871, "crema": 3.5106382978723403, "mostaza": 1.25, "chori": 3.3142857142857145, "lomo": 2.0, "caballa aceite": 2.6006944444444446, "repollo": 0.3181818181818182, "pan blanco": 2.2564102564102564, "patitas": 2.8421052631578947, "rosario cafe": 3.0, "mantecol": 5.111587982832618, "aros ceb": 1.5, "leche cafe": 0.40358744394618834, "queso rayado": 4.4, "clericot": 0.65625, "provoleta": 3.3444444444444446, "papita mama": 2.2580645161290325, "vainillas": 3.7083333333333335, "tostadita": 3.037037037037037, "huevo": 1.5, "tarta atun": 1.0063341250989708, "zanahoria": 0.4031413612565445, "bolls": 4.712230215827338, "carbonara": 2.731958762886598, "cheddar bacon": 2.6666666666666665, "spaghetti": 1.5607287449392713, "merluza": 1.6, "queso maquina": 3.07, "cafe": 0.0, "pan lila": 2.7238805970149254, "sardina": 1.3333333333333333, "salame": 2.5813953488372094, "papa horno": 1.1, "calabaza": 0.24603174603174602, "pan dulce fruta": 3.8444444444444446, "caju": 5.7272727272727275, "chocol agui": 5.623376623376624, "arroz comino": 1.2083333333333333, "budin": 2.576923076923077, "pollo": 1.434634974533107, "anana": 0.8571428571428571, "dulce leche": 3.3512396694214877, "cheddar": 3.2363636363636363, "cafe grande": 0.0, "maiz dulce": 1.168421052631579, "chinchu": 0.84, "taco guaca": 2.185354691075515, "aro cebolla": 1.5, "batata": 0.8956521739130435, "mermelada": 1.625, "flan": 0.6307692307692307, "shot": 5.0, "aceite": 7.959758551307847, "jamon crudo": 2.0, "pionono atu": 1.6333333333333333, "salmon": 1.53, "zapallo": 0.23214285714285715, "jugo anana": 2.6, "roquefort": 3.81, "manzanas": 0.52, "taco morron": 2.0, "apio": 0.14, "mendicream": 1.3571428571428572, "cebolla": 0.4996232102486812, "coliflor": 0.225, "queso cheddar": 4.0, "caballa": 2.337078651685393, "cereza": 2.7916666666666665, "jugo naranja": 0.45161290322580644, "lechon": 2.140845070422535, "rapidita": 2.6666666666666665, "rosario coco anana": 2.4, "alfajor terrabusi": 4.04, "licuado coco azucar": 1.233275677400858, "salmon rosado": 1.53, "bola mila": 3.16, "champagne": 0.676, "almibar": 2.6, "mermelada light arandano": 0.625, "jugo cereza": 2.6, "camaron mila": 2.4500000000000006, "asado tira": 2.0, "mila tita pollo": 2.3, "sococo": 2.5300000000000002, "bolo mila": 3.16, "alfajor tofi": 3.89, "palta": 1.6, "jardineras": 0.6013667425968109, "colita cuadril": 1.5375, "mejillon lata": 1.2403846153846154, "caballa natural": 1.884297520661157, "papa hervida": 0.775, "arroz leche": 1.2807272727272727, "caritas": 1.0, "pan pancho": 2.7777777777777777, "coca light": 0.0, "pepino": 0.2, "alfajor terrabusi torta": 3.8857142857142857, "pechuga pollo hervida": 1.51, "azucar": 4.0, "empanada pesacaderia": 1.5, "tarta jamon queso": 2.1, "soda": 0.0, "coca": 0, "chocolatada": 0, "calorias": 0, "dia desfasado": 0, "almibarlegi": 0, "picante": 0, "sal": 0, "cafe arlistan": 0.058823529411764705, "turron arcor barra": 3.92, "nuez": 6.0, "queso untable tregar": 1.46, "ri\u00f1on": 1.0, "garra pi\u00f1ada": 4.857142857142857, "casta\u00f1a caju": 5.8125, "picaa\u00f1a": 1.5533333333333332, "papa sonrisas": 1.7, "pata muslo horno piel": 2.4, "tholen light": 1.2727272727272727, "papa sonrisa": 1.7, "ajo": 1.5, "garoto": 5.12280701754386, "alfajor terrabusi clasico": 4.1, "ajo aceite": 4.73, "cebolla aceite": 1.2, "barne": 1.017464515114181, "harina pizza pureza": 3.6, "salsa tomate pizza": 0.4, "masa pizza": 2.2880869029204125, "agua media": 0.0, "cremon azul": 2.89, "pizza napo": 2.497178811701826, "coco rallado": 7.0, "coca light media": 0.0, "atun aceite ciudad lago": 1.1666666666666667, "ketchup hellmans": 1.3333333333333333, "leiva light marinera": 4.266666666666667, "coca light chica": 0.0, "caballa natural mellino": 1.8833333333333333, "queso port salut": 2.19, "bonobon": 5.533333333333333, "merluza milanesa": 1.7103896103896103, "coca light grande": 0.0, "pechuga pollo horno": 1.64, "ricota verde": 1.06, "termo nescafe": 0.0, "pizza cantimpalo": 2.804400764503392, "pizza light": 1.742369815408591, "brownie": 4.25, "budin vainilla": 2.9166666666666665, "leiva": 4.266666666666667, "parmesano": 4.31, "fideo codito": 1.55, "medallon pescado": 1.38, "leche polvo": 4.884615384615385, "cerveza": 0.43, "budin chocolate": 2.95, "budin naranja": 2.8833333333333333, "budin coco": 2.85, "budin coco rallado": 3.0595959595959594, "termo nesquick": 0.0, "avena morixe": 3.3333333333333335, "cafe leche": 0.4, "empanada carne": 2.0875,