{"": 0.0, "pechuga herv": 0.28670588235294114, "salchichas": 0.12, "huevo duro": 0.13, "chichu": 0.11999999999999998, "bolognesa": 0.0, "bondiola": 0.19139999999999996, "huevo frito": 0.13723016905071522, "carne ceb": 0.0, "mejillon": 0.18333333333333335, "pionono pal": 0.0, "chori fino": 0.1372, "molleja": 0.1442, "bocado acelga": 0.0, "cantimpalo": 0.21499999999999997, "mortadela": 0.1027, "mila tita": 0.0, "chichulin": 0.12, "matamuslo her": 0.2, "empanada tita": 0.16333333333333333, "guiso salchi": 0.0, "hamburguesa": 0.1651, "jamon cocido": 0.1813, "picanha": 0.19694656488549617, "carne": 0.26, "salchicha": 0.12, "vacio": 0.2496868475991649, "panceta": 0.1626, "tarta atun broc": 0.0, "pionono hue": 0.0, "chori": 0.1372, "lomo": 0.29010014306151644, "caballa aceite": 0.2, "patitas": 0.0, "huevo": 0.13, "tarta atun": 0.2, "carbonara": 0.0, "merluza": 0.21379999999999996, "sardina": 0.2462, "salame": 0.1392, "pollo": 0.2, "chinchu": 0.12, "taco guaca": 0.0, "jamon crudo": 0.3, "pionono atu": 0.0, "salmon": 0.2, "taco morron": 0.0, "caballa": 0.1943820224719101, "lechon": 0.2054, "salmon rosado": 0.24579999999999996, "camaron mila": 0.207, "asado tira": 0.2755, "mila tita pollo": 0.28, "colita cuadril": 0.1975, "mejillon lata": 0.18365384615384617, "caballa natural": 0.19999999999999998, "empanada pesacaderia": 0.2, "pechuga pollo hervida": 0.28875, "arroz": 0.0263, "lenteja": 0.2463, "riñon": 0.174, "picaña": 0.1968, "pata muslo horno piel": 0.2257, "garoto": 0.0467, "papa mccain": 0.0195, "leche": 0.034, "roquefort": 0.22, "alfajor terrabusi clasico": 0.072, "coca light": 0.0, "agua": 0.0, "licuado": 0.02, "waldorf": 0, "repollo": 0.02, "budin": 0, "tostadita": 0.12, "casamcrem rojo": 0.06, "naranja": 0.01, "aros cebolla": 0, "pan verde": 0.134, "cebolla": 0.011, "tomate": 0.01, "arroz comino": 0, "mendicream": 0, "manzana": 0.0, "kepchup": 0.0, "papa": 0.03, "zapallo": 0.01, "fideo": 0.0576, "aceite": 0.0, "crema leche": 0.02, "queso rallado": 0.3846, "pan blanco": 0, "banana": 0.01, "pepas": 0, "casamcream": 0, "salsa golf": 0.0, "chocolate": 0.05, "zanahoria": 0.01, "vitina": 0, "crema de leche": 0.02, "queso cremon": 0.1433, "pan bimbo": 0.086, "pringles": 0, "aros de cebolla": 0, "queso maquina": 0.1421, "queso cheddar": 0.249, "queso raton": 0.2981, "terrabusi": 0, "cheddar": 0.249, "aro cebolla": 0, "queso rayado": 0.3836, "vainilla": 0, "galletita": 0, "brocoli": 0.03, "galletitas": 0, "dulce de leche": 0.07, "torta rosario": 0, "papa nose": 0.0294, "mayonesa": 0.0, "papa horno": 0.0243, "flan": 0, "crema": 0, "dulce leche": 0.07, "mostaza": 0.0, "manzanas": 0, "mandarina": 0.01, "jugo naranja": 0, "morron": 0.0095, "apio": 0.01, "nesquick": 0.0538, "casamcrem": 0, "nachos": 0, "chotorta mezcla": 0, "aros ceb": 0, "guacamole": 0, "sour cream": 0, "rapidita": 0.0861, "aros": 0, "pizza pal": 0, "pizza nap": 0, "gall agua": 0, "rosario": 0, "clericot": 0.0, "tostaditas": 0.12, "casamcrem r": 0.06, "fideo complet": 0, "papitas": 0.0243, "chuchi miel": 0, "coliflor": 0.02, "miel": 0.0038, "gall vainill": 0, "cheddar bacon": 0, "helado": 0, "aji": 0.01, "zapallito": 0.01, "calabaza": 0.01, "berenjena": 0.01, "arroz blanco": 0.07, "mermelada l": 0, "cremon light": 0.2067, "ketchup": 0.0, "shot": 0, "batata": 0.01, "licuados": 0.02, "mermelada": 0, "salsa": 0, "kiwi": 0.01, "papita mama": 0, "pure zapallo": 0, "provoleta": 0.2733, "leche conden": 0, "ciruela pasa": 0.0218, "casancrem": 0, "ciruela": 0.01, "manteca": 0.01, "pan dulce choco": 0, "garra piñada": 0, "rocklet": 0, "pan dulce fruta": 0, "pasa uva": 0.0307, "mantecol": 0.15, "cafe grande": 0.0, "postre chino": 0, "pizza palm": 0, "turron arcor": 0, "turron miel": 0, "bolls": 0, "melon": 0.0084, "alfajor": 0, "bocad acelg": 0, "castaña caju": 0.1822, "almendra": 0.2126, "pan dulce fru": 0, "pan casero": 0, "papas": 0.0243, "pan": 0, "cafe": 0.0, "tomate relleno": 0, "papa rellena": 0, "bocad acelga": 0, "vainillas": 0, "rosario cafe": 0, "papa horn": 0.0294, "maiz dulce": 0, "leche cafe": 0.034, "chocol agui": 0, "spaghetti": 0.0576, "queso port sal": 0.2733, "pan lila": 0, "mayonesa light": 0.0, "cremon": 0.1433, "cereza": 0.01, "anana": 0.004, "jugo anana": 0, "alfajor terrabusi": 0.07, "rosario coco anana": 0, "champagne": 0, "bola mila": 0, "alfajor tofi": 0.063, "palta": 0.02, "bolo mila": 0, "licuado coco azucar": 0.019913955169920464, "jugo cereza": 0, "almibar": 0, "sococo": 0, "mermelada light arandano": 0, "jardineras": 0, "picante": 0, "caritas": 0.024, "arroz leche": 0, "papa hervida": 0.03, "pan pancho": 0, "pepino": 0.01, "alfajor terrabusi torta": 0.0629, "tarta jamon queso": 0, "azucar": 0.0, "soda": 0.0, "cafe arlistan": 0.0, "turron arcor barra": 0.068, "nuez": 0.1523, "queso untable tregar": 0.13, "tholen light": 0.1, "papa sonrisa": 0.024, "ajo": 0.04, "ajo aceite": 0.02, "coca": 0.0, "chocolatada": 0, "almibarlegi": 0, "cebolla aceite": 0.0036, "barne": 0.0725, "harina pizza pureza": 0.11599999999999999, "salsa tomate pizza": 0.011666666666666665, "masa pizza": 0.06705202312138728, "agua media": 0.0, "cremon azul": 0.18, "pizza napo": 0.10266895761741124, "coco rallado": 0.06666666666666667, "coca light media": 0.0, "atun aceite ciudad lago": 0.26666666666666666, "ketchup hellmans": 0.0, "leiva light marinera": 0.09666666666666666, "coca light chica": 0.0, "caballa natural mellino": 0.2, "queso port salut": 0.27, "bonobon": 0.09333333333333332, "merluza milanesa": 0.11369610389610389, "garra": 0, "caju": 0.1822, "coca light grande": 0.0, "pechuga pollo horno": 0.30760000000000004, "ricota verde": 0.12, "termo nescafe": 0.0, "pizza cantimpalo": 0.0997584704313028, "pizza light": 0.09904523251575274, "brownie": 0.0625, "budin vainilla": 0.060000000000000005, "leiva": 0.09666666666666666, "parmesano": 0.38, "fideo codito": 0.0576, "dia desfasado": 0.0, "medallon pescado": 0.168, "leche polvo": 0.26153846153846155, "cerveza": 0.005, "budin chocolate": 0.06666666666666667, "budin naranja": 0.055, "budin coco": 0.060000000000000005, "budin coco rallado": 0.06033670033670035, "termo nesquick": 0.0, "avena morixe": 0.13, "cafe leche": 0.034, "empanada carne": 0.075, "empanada jq": 0.1, "pizza muzza": 0.098214, "pizza fuggazeta": 0.0665, "faina": 0.0719, "hamburguesa queso BK": 0.1553398, "aro cebolla BK": 0.037037, "pesi": 0.0, "aceituna": 0.0092, "mango": 0.008, "calamar": 0.1625, "tomate lata": 0.006923076923076923, "fideo codito crudo": 0.10874999999999999, "arveja lata": 0.062, "fideo codito tomate morron": 0.012827741285789484, "agua grande": 0.0, "vinagre": 0.0, "oregano": 0.11, "aji molido": 0.168, "chimichurri": 0.07107798165137615, "agua chica": 0.0, "curcuma": 0.0783, "arroz crudo blanco": 0.07, "arroz curcuma verduras": 0.02211964618249535, "lays": 0.06, "doritos": 0.078, "coca grande": 0.0, "oreo": 0.056666666666666664, "agua larga": 0.0, "coca media": 0.0, "durazno lata": 0.03142857142857143, "espinaca lata": 0.02923076923076923, "choclo lata": 0.03230769230769231, "durazno lata coto": 0.007142857142857143, "mila napo": 0.2113, "pan flauta": 0.08470000000000001, "don satur dulce": 0.1, "pizza cancha": 0.036, "sal": 0.0, "cebolla huevo": 0.04793103448275862, "tortilla ceb casamcrem": 0.019876543209876543, "sopa verduras": 0.003940097205346294, "maiz blanco": 0.032799999999999996, "ossobuco": 0.08539999999999999, "sugus": 0.015, "flynn paff": 0.0, "margarina": 0.006, "sardina aceite caracas": 0.23333333333333334, "mariscos mellino": 0.11166666666666666, "nesquik": 0.0538, "locro": 0.0275, "corcho": 0.09699999999999999, "block": 0.14, "shoot": 0.1025, "leche entera": 0.03, "pepsi": 0.0, "bife chorizo": 0.2047, "lechuga": 0.009000000000000001, "yogur vainilla ser": 0.0431578947368421, "harina trigo": 0.1, "levadura": 0.48, "tarta manzana light": 0.03699177851169981, "aguam": 0.0, "aguag": 0.0, "ajo perejil": 0.032195, "cafeg": 0.0, "cafem": 0.0, "calamar hervido": 0.1625, "chocolinas": 0.09090909090909091, "chocotorta": 0.07238383838383838, "coca comun ": 0.0,